pka_0,pka_1,pka_2,pka_3,pka_4,pka_5,pka_6,pka_7,pka_8,pka_9
8.221943,8.473799,8.48278,8.552596,8.589292,8.690796,8.717743,9.023206,,
